content,label
用了一段時間，感覺還不錯，可以,positive
電視非常好，已經是家裡的第二台了。第一天下單，第二天就到本地了，可是物流的人說車壞了，一直催，客服也幫著催，到第三天下午5點才送過來。父母年紀大了，買個大電視畫面清晰，趁著耳朵還好使，享受幾年。,positive
電視比想像中的大好多，畫面也很清晰，系統很智慧，更多功能還在摸索中,positive
不錯,positive
用了這麼多天了，感覺還不錯。夏普的牌子還是比較可靠。希望以後比較耐用，現在是考量品質的時候。,positive
物流速度很快，非常棒，今天就看了電視，非常清晰，非常流暢，一次非常完美的購物體驗,positive
非常好，客服還特意打電話做回訪,positive
物流小哥不錯，辛苦了，東西還沒用,positive
送貨速度快，品質有保障，活動價格挺好的。希望用的久，不出問題。,positive
非常漂亮，也非常清晰，反應速度也快。,positive
很不錯家裡都喜歡。。。一次買了三台,positive
送貨非常快！品質非常好，這次購物非常愉快！！,positive
58好大都不錯。看品質咯,positive
物流很快，物有所值，值得信賴。依舊會關顧！謝謝商家！,positive
這價錢超值，收到貨馬上裝上看了一下。很清晰式樣也蠻好！贊贊,positive
目前感受還不錯,positive
速度快、服務態度很好,positive
挺好的，物流也快，兩天就到了,positive
發貨速度快,positive
送貨很快，安裝服務也很好,positive
品質很好，物流服務到位,positive
看4k這款確實比普通屏好很多，感覺比較明顯，價格的話雙12搞活動比較給力，就是百視通的資源與騰訊視頻比還是有點差距，客戶自己裝一個！,positive
便宜，能用，這個價格可以。,positive
給我媽買的，媽媽很開心說很好，說快遞小哥態度很好。給好評。,positive
性價比極高的一款電視機，值得 擁有,positive
電視不錯 曬單： 收起 向左轉 向右轉,positive
還不錯啊，高端大氣上檔次，外觀喜歡。,positive
還不錯,positive
這台電視是給遠在家鄉的父母買的。父母年紀大了，這種簡單的作業系統比較適合他們。搞活動半夜下的單子，第二天就送到了，安裝簡單，系統運行速度也很快。各種類別節目都很齊全，清晰度很好。父母反應很滿意！,positive
蠻好的。物美價廉。我同事看我買了也買了兩台。還包上門安裝。,positive
挺好的，就是感覺買小了，應該買43寸的,positive
不錯，很好,positive
相信日本品牌，品質放心。,positive
好，一次不錯的選擇，非常清楚，非常好。,positive
給奶奶買的，奶奶很喜歡。送貨的服務也不錯哦。,positive
挺不錯的 畫面清晰 外觀既好看又時尚,positive
給老爸臥室買的，品質很不錯，第一次買夏普，網路直接連接，送了一年的愛奇藝，不錯,positive
給姑姑買的臥室電視，不錯哦。上門安裝加掛架多付80而已。姑姑很滿意,positive
服務很好，,positive
價格便宜，性價比挺好，剛剛開始用,positive
電視收到了，很好，品質好，色彩也好，安裝師傅也有耐心！棒棒！,positive
電視不錯，螢幕夠大。,positive
電視到貨很久了，今天才安裝好，很激動，效果很好，京東物流也很給力，必須給五分?,positive
還不錯,positive
寶貝收到了，發貨速度很快，價格實惠，包裝完整，非常滿意！,positive
京東家電正品低價服務到家,positive
京東值得信賴,positive
58寸！你想像不的視覺體驗！操作介面簡單，遙控的語音辨識很是不錯，影片庫也很全，從最新的到最熱的，從此愛上看電視！,positive
為電視的問題考慮了半天，從LG換到三星，最終選擇了索尼。沒有usb3.0和hdmi2.0的電視，以後必然難以支援4K60幀的視頻，這個價位選索尼沒毛病,positive
團購比平時便宜2O0元，抵,positive
快遞物流好，自行安裝底座很方便，由於不是高清機上盒緣故，接有線電視圖像一般，其他圖像非常好。投屏功能很好用，操作介面整潔，把新電視螢幕的保護膜撕掉，畫面十分鮮豔，連接wifi後，測試了一下，很滿意，非常愉快的一次網購體驗！ 曬單： 收起 向左轉 向右轉,positive
"電視相當不錯，12月18號下的單，19號下午收到的，足以證明火爆程度。總結了以下幾點:一、65H7全金屬機身、（後面塑膠）視覺無邊框，我比較喜歡，無邊界方顯大視野； 25核處理器，2G DDR4+8G FLASH，配置好電視才能運行快；雖說記憶體不是很大，剩餘記憶體不到4個g，應該也夠用 。二、電視外表整體做工還行， 擁有HDR技術，廣色域技術，4K MEMC，色彩好，擁有HDR技術，廣色域技術，4K MEMC，畫質清晰音質也還好 杜比解碼+DTS解碼，立體環繞音效，搭載酷開系統5.8。三、對比很多，其他電視只有螢幕和資源拿的出手，防抖什麼的就絕口不提，反而創維65H7能在這個價位加上MEMC,相當良心，所以還是選了創維。四、電視也今年5月份剛上市，雖說對電視沒有多大瞭解，都是網上查看，電視用的cpu也是去年新出（至於好壞我也不懂，看了很多，大家可以自己查看）五、對供應商客服很滿意，糾結了好幾天，有什麼問題都問到供應商客服，而且每次都是耐心及時給回答，對於這點體驗很好，相信售後也很給力的。安裝也相當給力，當天下午到貨，晚上就裝上了，還免安裝費。",positive
此使用者未及時評價，系統預設好評。 2017-12-01 17:17:15 追加： 很清晰，音質很好,positive
外觀很漂亮，畫質和聲音都非常不錯,positive
安裝完成，開始用起來，感覺還不錯,positive
電視很完美，看起來也很漂亮。邊框窄，整體觀看效果比普通的LED電視好很多。安裝師傅很給力，送貨師傅也很給力。五星好評。,positive
非常不錯的電視機，價格也便宜，飛利浦，大品牌,positive
很好，送貨很快，滿意,positive
一如既往的好評拍來送人的。朋友很滿意。,positive
還不錯哦，送貨很快，提前一天就送來了,positive
不得不佩服京東的配送速度，太快了，現在基本都在京東買了，又便宜又好,positive
物美價廉,positive
超高性價比！性價比簡直是無敵！雖然造工比不上大品牌，但價格低啊，找不到比這便宜的了。不過想看的都要會員啊，曬單送我3年會員試試看好啦?！,positive
雙十一的時候給自家買了台55x3鄰居看到後很喜歡，雙十二讓我幫他買了台43的，還不錯支持暴風,positive
值得購買,positive
性價比很高！,positive
不錯,positive
非常好，好評,positive
寶貝很好喲，買之前一直擔心電視的品質問題，用了一段時間後才明白那是多餘的擔心，品質沒有任何問題，杠杠的，值得信賴。,positive
老品牌，我信任，看著不錯啊。,positive
很輕 感覺 挺單薄 不過價格也便宜 對得起 這個價格了,positive
送貨快服務及時，態度很好，非常滿意！,positive
12月4日零點搶的，12月5日中午前就送到，剛買完的第二天早上8點半就有客服打電話過來確認訂單的情況 及物流的時間選擇發送，雖然時間太早，但還是感覺很貼心。第二，收到貨後，馬上打創維的客服熱線，下午4點左右不到就家來安裝完畢。整個購物體驗非常棒。安裝的師付也說這電視不錯。就是後來加了一條創維的原廠線158元的高清線。以前機上盒不是高清線。所以，我還是給了5分。,positive
飛利浦的電器不用說 ，品質杠杠的,positive
東西不錯，值得擁有。。。。。q,positive
送給姐姐喬遷新居的禮物，今天到貨並安裝好了。京東服務非常細心，電視也完好正常，姐姐很滿意!,positive
畫面清楚、品質保證,positive
畫面清晰 師傅安裝很好很快 滿意,positive
雙11 949元買的，價格實惠，能用就行。,positive
顯示效果很棒，音質一般般！放在店裡用，螢幕大，性價比還可以吧，雖然別其他品牌的貴一點，但資源多！整體做工一般，塑膠感挺強的，家裡用的話不建議這款！介面比較豐富。整體中規中矩！曬圖的視頻是超清畫質，開啟杜比音效的效果，供大家參考！ 曬單： 收起 向左轉 向右轉,positive
挺好的,positive
東西不錯，就是貨運特別慢，多次打電話才送到。,positive
挺好的,positive
老家鄉里的電視被小娃娃弄壞了，一直都想換一個新電視 在京東上看了又看等到雙十一的時候也沒下手心裡還有些後悔 直到前幾天看到風行電視在搞活動果斷下單 昨晚師傅送貨到家安裝好了 電視效果不錯 清晰 聲音洪亮 物美價廉 希望風行能夠越做越好 越做越大,positive
剛開箱試機，螢幕質地很好，畫面清淅度高，功能很全，這個價格很值了！,positive
便宜實惠，就是色彩的鮮豔度差了點，如果要求不高還是可以接受的,positive
還是不錯的，反應還是比較快的！！！ 曬單： 收起 向左轉 向右轉 2017-12-10 21:54:20 追加： 電視外觀挺不錯的，玫瑰金的邊框彰顯美感。電視遙控操作起來也很方便，遙控器不錯，比較靈敏！還會繼續購買！！ 收起 向左轉 向右轉,positive
正品，很好，經常買,positive
不錯,positive
還不錯。性價比挺高的,positive
果然超薄，也沒有太多發熱，雙十二下單，除了送貨時間久點，其他都不錯,positive
不錯,positive
電視不錯，大品牌沒問題，比較清晰,positive
使用了兩周，效果不錯,positive
物流就是贊。服務態度好 ，開箱檢查確保沒問題。已上電測試，沒問題，清晰度好。,positive
電視還沒安裝，等待安裝。不過看著挺好的,positive
確實是沒有辜負期望，值得購買，信賴大！,positive
給父母買的，還不錯。不虧是小米。,positive
物流可以，裝機也快捷，不錯,positive
快遞送貨快，售後服務態度很好，安裝師傅上門安裝，耐心細緻講解疑問。電視清晰度高，音質不錯。暫時沒有發現問題。,positive
相信創維的品質，所以購買。收到貨比較滿意，邊緣即使有一點沒有全屏，不影響視覺，取出電視後會有指紋留在電視螢幕上面，一般的布可以擦處，比電腦螢幕容易擦拭，其實可以打包出售貼膜，這樣小孩子不會好奇一直留指紋到螢幕上，擦拭更容易。遙控比較好用，不看說明書都會使用了，這一點出比我想像的好。視覺滿意，在意聽覺效果的需要加上音響。本來擔心電視會碎屏，收快遞現場驗貨沒有這個問題，滿意的一次購物！,positive
電視機不錯，就是買小了，夏普是沒有退換這一說的，除非是大問題，讓師傅開簽定單，自己的原因，莫得法子，服務和性能肯定都是好評的，相信京東，全部的大件都是京東自營，?東繼續加油哦?懶得拍照片，就只拍了一下空調的，嘿嘿,positive
值得購買！功能強大，效果非常不錯！,positive
寶貝收到了，包裝很完整價格實惠，非常滿意的一次購物經歷！,positive
寶貝一級棒！師傅也太負責了！好評！,positive
電視品質不錯，色彩鮮豔 ，放客廳剛剛好，客服態度也不錯。,positive
挺好的，性價比高,positive
，電視機很好。價格便宜服務好，電視顯示效果還可以，,positive
電視不錯的。送貨上門，暫時還沒有安裝,positive
本人雙11買的 這個電視 外觀好看 檔次高 我的型號是創維65寸H7超薄的 昨天剛開機 電視給我感覺就是小了一點 我本來打算放客廳 現在放 臥室了 我房間要買創維100寸的藍牙遙控器 隨意切換一點都不卡，點什麼都是秒出來 好看 大氣我還要 再買一台100寸的.真的好喜歡他的架子 就是好看 不卡 大氣 買的你放心 買的你安心 買的你絕對不後悔走過路過 千萬別錯過 支持買 買買 差不多了 我去忙了 非常好,positive
電視收到了顯示幕非常清晰，價錢實惠非常滿意,positive
物流客服都很給力，比想像的還大，畫面也清晰。,positive
曲屏就是比一般的屏清晰，價格還不貴,positive
年會獎品，螢幕色彩不錯,positive
終於等到了他的到來，還沒看呢，但是之前的小米電視感覺不錯,positive
物流就是快 東西也是正品,positive
電視和想像的差不多！海爾大品牌，值得信賴，客服態度好！有啥事立馬解決！非常喜歡，值得大家購買，過幾天追評,positive
覺得是物有所值，首先送貨速度和送貨態度都非常滿意，然後打開電視，確實做工精細，畫面流暢清晰，操作也很人性化。總之，比較滿意！,positive
性價比超高，非常划算，而且機器也不錯，滿意！,positive
物超所值,positive
開箱通電後沒啥問題，送貨的師傅還是很負責的。曲面屏的確上檔次。自己上幾顆螺絲安裝了，希望不要出問題。,positive
"今天下單中午就到,速度快,下午馬上安裝!晚上就能看!神速!",positive
感覺不錯，裝起來美的很，現在只想看電視了，什麼都不想幹,positive
還很便宜值得這個價格很好,positive
產品很好，目前很滿意。但我支付的2年售後服務沒有任何憑證，我不知如何取得，請告知,positive
挺不錯的，價錢實惠,positive
漂亮，大氣，物超所值！,positive
東西不錯。很薄很輕。,positive
送貨上門超級快，特別給力，自己裝上了，特省事特方便，真的太超值了，爸媽特別喜歡。電視操作很簡單，主要遙控器方便。視頻好多電視劇，可以開開心心大屏追劇。哈哈哈哈哈京東就是快，風行就是好,positive
物美價廉哈，真行不錯，下次自己房間再買,positive
物流很快，顯示效果也非常不錯。,positive
用過一段時間，才來評價。電視很清晰，設計漂亮。很滿意的一次購物，感謝京東！謝謝送貨小哥！,positive
很好，兩點下單上午就到了，服務很好。,positive
京東超級會員，在京東買了好多東西，一直很好，售後還是物流都很滿意，東西超級喜歡,positive
物流很快，到貨後，第二天安裝，用的WiFi看，效果不錯。3999買的，物有所值，比去商場買感覺省時，省力，省不省錢，目前不知，估計應該貴不到哪去，也懶的去比價了。,positive
產品品質可以,positive
電視機效果非常好，顏色出彩。畫面清晰流暢。另外客服七喜、陽光、堅果的服務也很到位，棒棒噠。,positive
硬屏的圖像清晰，性價比高，希望後期不要出什麼品質問題,positive
媽媽說，電視機不錯，用一段時間再說唄,positive
電視機很滿意，大小也正好，畫質，音色都不錯，很棒。 另外橘子，西瓜客服棒棒噠,positive
不錯的小米電視，便宜！品質也不錯哦！性價比很高 曬單： 收起 向左轉 向右轉,positive
東西收到了快遞很給力，就是什麼配件都沒有，連最起碼的資料線都沒有,positive
挺好的！跟想像中的差不多！物流也快！送貨師傅也很好！,positive
整體效果很好，性價比超高！,positive
安裝師傅很負責，說是空心牆，多加了幾顆螺絲固定。電視試看了下感覺不錯。 曬單： 收起 向左轉 向右轉,positive
挺好的,positive
電視非常好，京東送貨非常快，安裝師傅也非常負責，態度很好，螢幕非常清晰，價格也非常合理，主要給孩子買來看動畫片，不愧是4k非常清楚，孩子很喜歡，而且非常薄，總之非常滿意,positive
很好用，色彩很好，簡單易用,positive
電視給父母買的，父母覺得很滿意,positive
給媽媽買的送貨超級快，免費安裝，送貨人員服務也很熱情，安裝師傅很用心，給媽媽耐心講解，媽媽說畫面很清晰，內容也很豐富，在家裡放著也不大，不占地方，挺好的電視,positive
就不上圖了 一句話還不錯,positive
臥室用的，畫面挺清晰，但是不能離近看，否則顏色會很詭異，安裝師傅挺好的,positive
京東就是好，速度快，送貨師傅認真負責，售後安裝態度好,positive
非常滿意，雙十二搶的，臥室以後也買這種,positive
還可以吧！還沒用 看著挺不錯的！物流也挺快 ！,positive
東西很好，經常在京東買東西,positive
1.新疆的，送貨很及時，態度也很不錯。2.安裝需要安裝費，可能是比較遠，不過沒有讓他安裝，自己裝的。3.電視很清晰但有時螢幕下面部分有些許花，時間很短，可能是網的問題，過段時間再看看。,positive
雙12買的電視_發貨速度很快_第二天就送到家裡了_當時打電話安裝師傅很快就到了_外觀很漂亮_圖像清楚！關鍵是前期服務確實不錯_,positive
海爾大品牌。售後不錯，用著放心。,positive
快遞服務好，好高大,positive
實惠值得購買，性價比高，下次再光顧,positive
電視收到了，畫面超清晰,positive
早上下單，一天后就收到貨。自己拿著底座裝好，第二天早晨起來打開電視看了兩個大片，色彩絢麗，音質很好，非常滿意！,positive
電視不錯，後面的藉口有弊端，電視掛牆後連線頂著牆了！,positive
電視機不錯，音響效果好，畫質清晰。我是雙十一買的，雙12的前兩天我才收到貨，打了好多投訴電話，讓我很不開心，耽誤了一個月的時間。安裝工得態度不錯，服務也好，給安裝工點個贊?,positive
送貨快，安裝快！,positive
大品牌 防靜電包裝 值得信賴！,positive
暴風電視蠻清楚的，外觀也漂亮，性價比可以,positive
看起來還不錯，電視劇很大的,positive
很好的購物體驗，產品更是沒得說，畫質，音質，絕對是物超所值！！,positive
今天剛收到貨，還不錯,positive
電視已經收到貨，整體來說，操作介面很清晰，很簡潔。會用普通電視遙控器，就能熟練操作風行電視。電視畫面非常清晰，應用包含許多內容，比如，電影，綜藝，幼兒卡通等等。螢幕大，我今年雙12下的單，活動價買的非常超值，曬單還給價值1500多元的風行3年的金牌會員，更超值啦。這個電視值得購買，一定推薦給身邊的朋友。,positive
我老媽可喜歡這電視了，不錯，不錯，五星好評,positive
電視到了，很不錯，安裝很方便。但是送兒童會員月卡還沒送，客服說到時會發短信給我,positive
就是薄，看著非常不錯。,positive
挺好的，是我喜歡的！,positive
東西收到了，京東發貨太快了，不錯！,positive
非常好的電視使用滿意,positive
不錯！很好用！視覺效果很棒！,positive
電視不錯，很喜歡,positive
雙十二搶購，價格很優惠，第二天就送到安裝，特意用了幾天才來評價。39寸放小客廳裡正好，畫面清晰，資源豐富，是部值得推薦的好電視！,positive
螢幕非常清晰,positive
物超所值 曬單： 收起 向左轉 向右轉,positive
物流快，大電視看著就是舒服！,positive
京東客服商家客服都好！電視有點問題當天回饋第二天就來換新！售後好！打電話就來！京東值得信賴！,positive
不錯，值。,positive
電視還沒開始用，今天師傅上門安裝在了牆上，超贊！,positive
小米官網比這裡貴一塊錢，嘟嘟嘟諾諾頭，用起來非常好。祝福我倆同學看著電視和和美美，幸福永久！,positive
好 挺不錯的 很薄不占地方,positive
不錯，很好，性價比很高，值得推薦購買，做工精緻,positive
好，用了很長時間才來評論，很清晰,positive
買給爸媽還不錯,positive
東西十分不錯，很實用，還會再買,positive
真的，很好，京東快遞不用說，兩天就到了，送貨上門，服務態度很好，這電視買值了，很清晰，兒子挺喜歡看電視的，連接無線網是也挺流暢的，特地使用幾天之後再來評價的，,positive
電視很棒。,positive
價格便宜，值得購買,positive
饑餓行銷，永遠都是搶購的節奏，性價比還是挺高的，至於品質只有用過的才知道！,positive
70寸，剛好夠大。清晰度不錯，希望品質沒問題！ 曬單： 收起 向左轉 向右轉,positive
不錯不錯,positive
一共買了六台，創維的電視值得信賴，客服的態度也是棒棒的,positive
1、去年雙十一價格大概1800，今年由於面板等部件漲價2500。 2、電視需要配置，關機開機是個大問題，我作為一個IT從業人員，都感覺開機是個大問題，不管怎麼設置，總是達不到你要的效果。需要改進：接通電源有指示燈亮，如果手開電視開關，不管其他怎麼設置開通電視。 3、老人和非年輕人基本上不會用。都喊著要退貨，可惜已經過了7天退貨期，因為其他牌子的老人基本上插上電，按下遙控就可以看，這款電視只要你斷電再開，有的受。 4、還遇到wifi問題，時不時不靈。需要電信調整dns解析，但我自己調整路由器dns設置，後續繼續試用中。 　　支持國產牌子，看來路還長呀。,negative
不錯，就是系統不太好，不適合老人操作,negative
除了開機慢點以外，其他都還能接受，基本算是物美價廉吧，京東自營的電器可以放心。唯一的遺憾是網路不行，無法刷卡支付。京東幫工作人員很給力，好評。,negative
除了開機有點慢，其他都挺好,negative
電視不錯的，不過老爸老媽嫌系統麻煩，用了華數的機上盒。。。浪費了會員呀,negative
電視很清晰，4k裡面這個尺寸微鯨是最好的，沒買電視機櫃，直接幹到牆上去，叔叔辛苦了。寶貝基本與賣家描述一致，就是開機有點慢?,negative
電視價格便宜 送貨快 電視跟掛架是分開的到的 安裝收100元 不錯 就是開機要調信號源比較麻煩,negative
電視品質一般，看電視有點卡了,negative
東西不錯，就是老人家不會用。,negative
發貨快除開機有點慢，其他還行,negative
感覺不錯，性價比不錯，功能挺多，就是遙控器沒有九鍵，有點不開森,negative
剛收到 開機有點慢,negative
購買的時候沒有注意電視機參數，厚度太厚了，沒有語音助手，解析度真心不行！客觀來說：這個價格不值得買這款微鯨！之前微鯨價格有優勢，現在價格成一路上升趨勢！買家購買時刻謹慎.2顆星主要給送貨師傅的、態度非常好！有責任心！,negative
還可以吧。只能說一般，沒有宣傳的好，拿回家兩天，總是死機，而且螢幕的想去不太好。,negative
價格不算太貴 但是開機實在是慢啊親，，，，，，，，，，，，，，，，，，物流挺快,negative
今天就收到了，物流挺快的，畫面清晰，就是沒有標配語音遙控器是個遺憾，還有長鬚鯨客服棒棒噠??,negative
京東完美貼心的服務，快，此款電視機各位面都不錯，軟體按裝放便，就是開機有點慢。,negative
就是開機有點慢，別的都還不錯?,negative
開機有點慢,negative
開機有點慢，但是超清啊，可以直接連WIFI也很方便啊，能看的片子挺多的,negative
開機有點慢，而且略微有點卡，不知道是不是正常,negative
開機有點慢，用起來還行,negative
看了幾天才評價，目前還不錯，就是每次開機有點慢，估計沒設好！先來個好評！,negative
看有線電視的時候有時螢幕會變得很大，下面字會顯示不出來,negative
客服很好，電視款式不錯，清晰度也不錯，就是作業系統較麻煩點，連接網路需要自己動手下直播！！,negative
聯網不行自動跳臺很不滿意,negative
目前用著，反映很慢切換要黑屏好久,negative
首先說螢幕，採用群創的，顯示效果沒有優勢，沒法和同價位某米比，系統也不怎麼樣，開機不快，對顯示效果要求較高的，不建議，但對於性價比來說還算可以，發貨速度得贊一個，客服小虎鯨，獨角鯨，小魚鯨客服棒棒噠！物流服務也贊一個，比預定時間提前了一天送過來！,negative
說下我買微鯨的經歷吧！本來不是很看好這個牌子，當時想買暴風X45，但是微鯨電視的設計征服了我，背部流線型設計真的不錯，尤其那個防塵散熱孔特別到位，底部引出的指示燈也深得民心。不過細節之處仍然需要加強，大家可以看圖二是有很大縫隙的。配置中等畢竟15年產品 買電視主要還是買螢幕 以後可以買電視盒子 但是系統優化非常好基於安卓5.0.2深度定制 體驗這麼久基本無卡頓 開關機沒有任何廣告 開機10S 關機5S 差不多這個樣子 螢幕物理解析度確實是4K 是不是LG原裝螢幕我沒檢測出來 但是是硬屏 是RGBW 4色偽4K 有輕微中間亮4周暗的情況（可以接受）不過漏光控制的不錯 色彩的話輕微發白 值得一體的是遙控器手感特別棒 既不是紅外也不是2.4G 而是採用了成本更高 功耗更低的藍牙 語音辨識也很準確 雖然我不用底座 但是底座質感非常好 配了扳手多給了一顆螺絲釘也很用心 Wi-Fi模組不是很好 網速衰減很嚴重 但是從來沒有出現過開機連接不上的情況 我安了有線網路之後又了一定的提升 我100M的網路 有線網路在3MB左右徘徊 很是無奈 開始收到的壞機器（見圖一）聯繫老闆之後也得到解決了 老闆為人厚道,negative
挺好的，就是開機有點慢,negative
我覺得這款電視機嗎整體來說真的還不錯，性價比，還可以，但是我看到，評論上有人說，2400多份2600多就買到了，我買的是2898，應該是2900塊錢，整體來說雖然價格比之前高了一點，但是還是蠻划算的嘛，另外，開機，第一天到還好，第二天開機的時候在途中第二頁，停頓了大概三分鐘左右時間，確實挺麻煩的,negative
系統不行 老是死機,negative
用了幾天東西還是不錯的，除了開機有點慢之外，畢竟只有1G記憶體，其他基本沒啥毛病。,negative
之前壞了，免費換的，感覺反應好像慢點，先用到時再看,negative
總體感覺不錯，夠清晰，效果不錯。開機有點慢，要個幾分鐘。還有就是聽說比前幾個月貴了幾百塊。。。,negative
最煩就是歧視32寸的，遙控器是紅外線的，其他型號都是藍牙的，可以配對，現在操作起來很不方便,negative
"4.5故障,下午報修 4.6微鯨上門檢測出具報告,裝箱打包 4.7京東換貨完畢 感覺暗了點,色彩不如原來",negative
55寸電視很大氣，聲音效果相當不錯，同類電視裡面聲音效果絕對是上等，畫面的畫質也不錯，就是用藍光效果看電影動態效果微有拖影，本來想買55寸曲面的，有個動態效果加速，反正也沒有比較過，感覺在這個價位裡面應該也是處理的最好的了吧，整體效果不錯，非常滿意，看系統資源的東西沒有廣告挺好的。但是開機時間有點長，語音的識別不是很準確，邏輯不是很清晰，希望以後系統更新能加強。也是看到很多評論說這個互聯網電視不錯，所以在小米、樂視、微鯨裡面選了微鯨，接下來就是看電視能用多長時間了，希望中國製造越來越好。,negative
幫朋友的家人買的，解析度低到不要不要，1366×768也是醉了，應該是供應鏈上08年標準的面板。不過其他的牌子也都這樣，好處是系統可以，配置也不錯，對於1298來說，如果是2G運行就更好了,negative
不行，畫質太差了。便宜沒好貨！,negative
差評，電視上有兩個壞點，上門看了之後說國家規定三個點是良品，京東不換不退不修，垃圾電視垃圾京東！,negative
除了有漏光問題，其他都挺好，回應速度很快，系統也穩定，目前沒有出現什麼軟體停運問題。,negative
第二台微鯨電視，性價比高，輕微漏光，比去年貴了不少,negative
第一次商品有一個壞點，看了沒多久無法開機，第二次兩個壞點，售後說不算故障~~可購買前諮詢過商家承諾是無壞點的！期待這個能用的住吧~,negative
電視不錯，清晰度還算可以，最底部往上有稍微漏光，4K資源沒有就試不出。希望品質有保證，使用長久點。支援新興品牌。快遞小哥服務好。,negative
電視感覺還好吧，有點輕微的漏光，總體感覺還好畢竟一分錢一分貨嘛！,negative
電視剛安裝好，說實話，畫質不怎麼樣,negative
電視功能不錯，速度很快很好。可以自訂安裝軟體。唯一不滿意是液晶顯示不夠豔麗，顏色偏黃偏暗。再繼續看看後續希望能適應,negative
電視還可以，晚上看著有漏光的地方，但是不耽誤看，對得起這個價格,negative
電視還可以吧，清晰度一般般，可以裝軟體看直播，不過沒法自己換主頁，進入自己安裝的應用也比較麻煩，沒有手機那樣直觀，電視自帶的系統資源還是有不少，不過有些需要開通VIP才能看，總體來說還行吧，物有所值了！,negative
電視還可以就是有點漏光，千多元就不挑了懶得換。,negative
電視很便宜，只要1三四九就能入手，真心值，除了有點小漏光，系統流暢。,negative
電視很清楚 .就是底下有點漏光 總的來說還不錯吧,negative
電視送的很快昨天下單，今天早上就送到家了。電視看起來做工好，螢幕沒有看到漏光。用機上盒看的節目，解析度和家裡的舊電視看著是有差別。繼續觀察了。,negative
電視挺大的，就是不太清晰。有那種顆粒的感覺。家裡人挺喜歡的。物流有點慢。,negative
訂單下了，物流很快第二天就到了，師傅小心翼翼的拆開我看，還可以，聲音比較大，螢幕還是很清晰的就是資源少了一點送了六個月的會員，螢幕表現和暴風t v55X 差不多，四色4k，快速鏡頭有拖印，有漏光，但是我不在乎。就看後面表現了，希望能一直看下去，持續評論中。,negative
都說康佳的電視好比海爾的好，沒有對比就沒有傷害，先是自己家買了個海爾模卡1080P的電視，這台康佳是買給岳父加的，價格海爾的貴著400元，但這個是4K。從顯示效果上看，海爾模卡1080P，完勝這台，無論從色彩還是清晰度。這個看著螢幕有影，有影。憑良心說話。,negative
對比了小米、樂視、海信，最終選擇了微鯨。到貨很快，京東配送人員服務也很好。55寸的放在客廳很合適，安裝很簡單，自己安裝的，電視清晰度挺高的（當然前提是網速得好），音響效果挺不錯的，晚上開的時候能看到漏光現象，可以直接連接無線，很方便，送了一年的會員可以看4K和藍光，資源挺豐富的。最後，希望可以用的久一點吧,negative
解析度太差了，遠處都看不清。,negative
還行，但是螢幕感覺顯示有問題,negative
還行，買了兩台，這台螢幕上方有漏光現象，保留售後權利。望加強品控！,negative
還好，就是轉TV看的時候清晰度不夠，安裝的師傅說是機上盒問題，還有就是看電影等需要開通會員才可以看，不過商家免費送了6個月會員還可以。,negative
還可以 右下角有點漏光。,negative
還是不錯的，滿意。價格便宜啊，上圖。但做顯示器的話4K也不行啊,negative
畫質不行，其他都還OK，這個價格也就這樣了,negative
畫面有點失望，同樣的片源在公司裡面的同樣解析度的樂視和小米上面表現更好，白天色彩不鮮豔，在操作上不夠智慧，操作介面也不方便，就想播放時不能調色彩和音效，電視自帶音響比樂視好，其他表現一般,negative
京東物流可靠，包裝嚴實。漏光證明了ips血統，全黑之下比較明顯但不算嚴重。就沖著這個屏就值回票價，色彩的還原和過度原勝臺灣屏的機型，隨機智慧系統比較傻瓜，希望能提供工廠模式的入口，方便調節hdmi輸入的偏移,negative
久聞微鯨電視大名，最近有朋友要買電視，就推薦一下，樂視最近新聞很多，感覺快不行了，小米漲了好幾百，超朋友預算。這款是新出的，價格比去年那款還便宜，註定了這款是縮水版。由於沒通廣電，只試了幾個視頻。畫質方面，亮度一般，畫面平面化，色彩平淡，上下有漏光，動態很一般。朋友只求耐用，其他沒啥要求,negative
開箱，驗貨，通電，試機。京東的配送很滿意。不上牆，自己安裝，十分簡單。目前用下來，沒有不好的地方，遺憾的是有線的信號解析度太低了，沒有顯示出4K的優勢。其他問題只能等用一段時間後再評論了。,negative
快遞師傅幫搬好和裝上去，太感謝了！還行這個價位特挺清晰的喇叭沒評論說得那麼垃圾各種看電影連wifi網路看都行遊戲也能玩，就是感覺遙控器不夠靈敏，第2天看有種卡屏成一條條橫條紋 不知道是顯示器問題還是網路問題。用數位電視看的時候覺得很模糊，後來師傅說是因為數位電視沒升級到高清的緣故，切換各種電影時確實很清晰。本來打算買平板但是男朋友說不如這個實用，總體比較滿意 謝謝獨角鯨哦很耐心解答疑慮。唯一不足下單後發現忘了拍多個運費險辦理退款打算重新拍，人工客服都不線上就自己申請退款，神奇的是半小時不到就給我發貨了，還好電視機沒破損什麼不用辦理退換貨。,negative
兩個角落漏光嚴重，希望品質好點吧,negative
亮點 漏光,negative
漏光在可接受的範圍內這價位可以,negative
買的時候猶豫了很久 怕京東方的螢幕會不好 但是到貨的時候松了口氣 螢幕很清晰 檢測了一下 少許漏光可以忽略不計 也沒有壞點 不滿意的地方是微鯨的資源有點少 而且白金會員還有好多東西都看不了 語音藍牙遙控器也沒有標配 記憶體不知道為什麼才有12G 微鯨的操作介面還是挺乾淨俐落的,negative
"買回來才知道是4色4k,偽4k你為什麼不在介紹裡面講清楚？明明是便宜的螢幕，硬說成高大上，畫面色彩太淡，濛濛的感覺，不豔麗。和原來海信的比起來太差，全黑色能把房間照亮，漏光也太嚴重了吧。還有就是才幾天你就降價了。",negative
買來做顯示器用的，調試一下後能用，解析度低就地點吧,negative
買這款主要是沖4K屏和性比價來的 開機後仔細看了一下螢幕 顆粒感比一般電視的要小的多 也沒有出現其他網友所說的漏光現象 硬體上面由於才使用還沒什麼感覺 先使用一段時間在來評價,negative
清晰度還是稍微差了點。但是這個價位也挺可以的了，說的送騰訊會員。。這個有點坑。根本就不是。只是跟騰訊合作可以播放一些騰訊會員的資源而已,negative
清晰度很一般，感覺還沒以前買的創維清楚,negative
"確實有點漏光，4K級顯示，文字已經很難區分了,只能說免費夠4K",negative
色彩暗淡，怎麼調都是一樣，廠家能否升級系統編輯下色彩配色，其他都還可以，系統流暢，騰訊視頻不能看NBA，和小米盒子一樣滴，價格便宜性價比還可以。,negative
色彩包牠度太差沒有語音搖空功能,negative
色彩一般，都是這樣貨,negative
閃屏。換了新的，快遞員上門換的，態度很好，試了新機子後才走的。售後很到位，好好好。,negative
送貨快，但是電視顏色畫質不是很理想，申請退貨了。,negative
送貨速度快，螢幕有些漏光。電視系統很好，無廣告。價位相比去年漲的有點多，不過大家電，基本要用到5-6年，折算下來每年也沒多少。希望後期使用品質能過關,negative
挺好用的，系統也很智慧。可以自動識別切換輸入裝置。線上看視頻有小小的拖影，習慣後並不明顯。介面豐富，USB外接硬碟播放4k無拖影和卡頓。玩遊戲還是用專門的顯示器吧，電視玩遊戲體驗並不好 系統體驗5星 畫面5星 播放體驗4星 玩遊戲3星,negative
外觀和邊框沒問題，智慧電視功能也齊全，只有一點不滿意就是解析度不夠，在43寸螢幕下顯得圖像不清晰，小字看不清。,negative
外觀很不錯，螢幕大，就是看普通數位電視，畫面清晰度不行。,negative
物流還是那麼快，第二天到貨，包裝也完好，當天就安起了，但是有個問題就是每次待機過後開機時間很長，不知道是什麼原因。電視還是很漂亮的，但是上邊有點彎曲，是正常的嗎？還有就是彎曲的地方有漏光，說實話，不怎麼好。,negative
物流挺快的，兩天就到了，電視用了一段時間再來評價，電視的系統挺流暢的，介面也比較簡潔，歌曲的mv畫質太差了，軟體的資源也比較少，總體來說，還是挺不錯的，安裝比較簡單，適合家裡人用,negative
謝謝海小豹的耐心引導，剛收到，打開一看太大氣了，而且上檔次，簡直是高大上中的高大上啊，購買55寸的，我家距離4米，我的感覺是大了一點，靠在沙發上是正好的，但是小朋友看還是近了點，電視邊緣優點小漏光，但是還是可以的，清晰度也挺好的，總之是很滿意的一次購物,negative
顏色不錯，就是有少許漏光，放在房間看電視大小剛好合適。,negative
音質太差，畫面模糊，是我買過所有電視裡面最垃圾的。也不給退貨，說沒有保存泡沫和箱子。真是服了。在京東買過好多東西，以後絕對不會再買。,negative
用了很久了，現在來評論，除了有點漏光，其他都不錯,negative
用網路看比較清晰，直播的話清晰度不是很好，一分價錢一分貨吧,negative
優點：圖像清晰度高！開機速度快約為10秒！真4K！性價比中上！系統較人性化！整體系統運行流暢！有HDR效果顯著！搖控器新潮！ 缺點：外殼塑膠感強！螢幕有漏光！音響~~基本國產機的通病！介面小了音訊同軸! 總體這個價位這個配置算高！ 總體,negative
有漏光,negative
有漏光。但畢竟價格就擺在那裡，要求不太高也能接受。總體滿意,negative
這塊螢幕太差了。。。跟樂視差太多了。。。,negative
整體還是可以的。螢幕左上角有一點漏光。,negative
之前買過43寸4k的，那台電視除了遙控器有故障外，一切都好。這台電視對比之前買過的，差的不是一點半點，清晰度不行，而且有至少10個暗點，很細微，不認真看看不出來，說明螢幕用的是廉價屏，我相信不止我這台電視有這個問題，音質就是垃圾，只能說能響。說下售後問題，第一台電視的遙控申請售後，一直不處理，微鯨總在推脫。鑒於這種品質和售後，買第二天申請退貨，微鯨也是處理不積極。良心評價，隨便對質。另第一台是一四四九買的，確實超值，這台真的不值這個價,negative
品質不知道，反正做工不細，清晰度也一般，色彩也不好，對畫質要求高不介意購買,negative
總體不錯，款式靚家人很中意。但看有線電視時出現一閃一閃的劃痕跡象，看起來不爽。,negative
總體還不錯，但是想著低價高質的可以繞道了，這電視適合接廣電或者電信之類送的機上盒，看看直播挺不錯的，偶爾看下電影什麼的也還將就，臥室用著不錯，一分錢一分貨吧，要求不高買來追求下新鮮是不錯的選擇，特別說下良心的地方，自帶系統流暢不卡，不聯網開機沒有廣告，聯網有沒有就不知道了，缺點確實也很明顯，暗角，背光不均勻都有，色彩寬幅不夠,negative
總體還可以，就是清晰度差了點,negative
總體還是比較滿意，聲音部分有點瑕疵，換貨後依然如此，不影響正常觀看，有些許漏光，可以忍受,negative
總體來說還是不錯的，貌似不是硬屏，按下去有水波紋，漏光還是比較嚴重的，系統反應速度有時比較慢，一分價錢一分貨，好在沒有開關機廣告。,negative
可口可樂中獎40寸的電視機，品質有問題，電視機畫面上半部分，是花螢幕， 已經拒絕簽收， 那我現在怎麼辦？ 電視機品質有問題 拒絕簽收對不對？還是應該簽收了？然後聯繫你們？我現在怎麼辦？,negative
微鯨電視w50j戲曲頻道清晰度太差了，快點給增加高清超清,negative
安裝完畢，品質不錯，就是後面調整角度的螺絲設計不理想，掛上去不好固定擰緊，而且價格稍貴還不包郵，第二次買了，第一次便宜很多，這次買的有點不划算，總體還是給好評吧,negative
電視還算清楚。1000多的電視還是相當可以。美中不足的是電視太厚了!比我預期的要差一點。,negative
"後蓋螺絲有生_的痕跡，電視機很輕，跟圖片美觀沒法比，電視機比較厚9cm,不是超薄的只是邊上比較薄，顯示器細看不是很清晰，不過功能，螢幕暫沒發現問題，天線信號換台很不方便，無法輸入數位，只能上下翻。感覺很虛，不過京東送貨服務很好？",negative
清晰度不錯。這價格買到這樣的品質很不錯了。局部細節做的不夠好。底座的螺絲不好裝。設計的不夠好,negative
外觀看起來不好看，整體太厚邊框也大，使用效果還行吧，就是覺得顏色太豔了,negative
物流速度挺好，售後也不錯，老遠的山區也可以去。唯一遺憾的是電視機四個角上有輕微的發黑，不知道是不是螢幕的原因用的來說這次購物還是挺滿意的。,negative
性價比很高，操作系統反應快，1.5G+8G，四核處理器！不錯的電視機，過年前買的微鯨電視機，系統一樣的！當然一分錢一分貨，就是做工差了點，沒有金屬機身，也沒有金屬邊框！窮人啊，壁掛要150元，換不起啊！,negative
一般吧，太厚了，架子也夠厚，無線連接老是斷,negative
因為以前的電視被兒子打壞，不得不重新買一個，選擇這款的原因是配置較高，螢幕較清晰，現在剛收貨，試看了一小時，感覺如下：1做工方面還好，不過是塑膠的，和我以前的金屬比差了點2螢幕大，比我以前的49寸大，比較清晰，不過和我以前的原裝LG IPS A++屏比還有些差距，這次打算掛裝起來了，預約了安裝，整體滿意！,negative
這個架子估計不是不_鋼的，模具沖下來劃痕位置全部都掉塗層了，嘛玩意啊,negative
"啊啊啊啊這電視機顏值很高的樣子啊！ //@愛未停-陳偉霆資源博:#陳偉霆# #陳偉霆代言微鯨電視# 小資源不要當太厚，只想當佛爺的小跟班 @William威廉陳偉霆<!--<p class=""refer_url"">http://weibo.com/WhaleyTelevision?refer_flag=1001030103_</p><p class=""url"">http://weibo.com/5523250921/ED7u5z8Jx?refer_flag=1001030103_</p><p class=""author"">微鯨</p><p class=""content"">4月7日鯨動八荒_巔峰24小時，@William威廉陳偉霆 邀您共賞微鯨電視2代巔峰顏值，與真佛爺一起拒絕“太厚”！直降900元，僅在4月7日京東巔峰24小時！更多驚喜請點擊網頁連結</p><p class=""release_date"">今天 18:08</p><p class=""picture_list"">http://wx3.sinaimg.cn/large/0061MZShly1febynhdgj3j30hs0rstk3.jpghttp://wx3.sinaimg.cn/bmiddle/0061MZShly1febynhdgj3j30hs0rstk3.jpg;</p>-->",negative
寶貝收到了，物流很快，7日交錢，8日就到了，還給送到了家，開箱驗貨沒有問題。快速裝配好，開機連網，馬上就看到了高清的視頻節目，清晰度高，值得購買。買的43D的沒有語音遙控功能有點小遺憾。,negative
不錯不錯，第一時間就開箱。不滿就是遙控有點不聽話，其他還在有待觀察and4k真不是吹的???,negative
給父母買的，今天收到，開機，連網路，都很順利。微鯨送1年會員，大部分視頻都能看了。遙控器操控也很方便，老人學習沒什麼困難。這款是微鯨43寸中的低配一款，感覺厚度厚了不少，不過這個可以忍。遙控器也縮水，紅外遙控器沒有語音控制功能，這個要減分。,negative
很不錯，遙控器壞了，給我換了個新機子！,negative
貨品已收到，就是配件裡沒有配備資料線，是節約成本嗎？,negative
看了一段時間了，螢幕變的有點彎曲，不知道是不是因為螢幕太薄的原因，成一個鼓面了，還有兩回看了幾集電視劇遙控器對電視沒有反應了，強制關機再打開才好的。安裝人員安裝調試時有一個螺絲短了，說等有空再來給上上，是有一次給我打電話來給我弄，可是我沒在家，再就沒聯繫過我。功能跟清晰度還是沒的說的，反應也可以。總之沒那麼完美，只希望能用的住就好。,negative
目前看還不錯，畫面清晰，目前還沒什麼問題，美中不足的是只有一個遙控器，沒有數位鍵盤，比較蛋疼。希望能補送一個遙控器啊，不錯的購物體驗，對了別忘記返現哦，親！ 還不錯,negative
十分喜歡，雖然不是超薄的，但也算比較輕薄，畫質一流，進口屏應該不是假的，系統速度快，電影也算豐富，總體可以給90分。藍牙遙控有好有不好，最不便是不能和機上盒的紅外匹配,negative
用了一周多，內容很多，拿到藍牙遙控後，語音搜索非常方便，父母已經會用了，體感遙控有些雞肋可玩的並不多，遊戲手柄還是有些簡單的遊戲可玩兒。三米多的觀看距離55吋沒問題。感謝長鬚鯨，巨頭鯨，小虎鯨，小_鯨，海獅提供的購買及售後諮詢_,negative
這個商品非常讓我失望，電視遙控器不好使，前後換過一次電視一次遙控器最後退貨。品質絕對有問題。但是微鯨的售後還是挺好的，很有耐心，品質就太一般啦！非常不愉快的一次購物,negative
挺薄的，都怕掰彎。色彩很好，畢竟三星屏。音響也算不錯，畢竟不是獨立音響效果已經可以了 除了低音差了點。系統反應還可以，不過滑動幀數有點底，看著不是特別流暢（目前應該是30fps，60fps最好）。內容不多不少，還可以（可以外裝app差不多）。自己接了個小米盒子，混著用資源夠了。語音辨識率也挺好的，不錯。螢幕下方有點漏光 不過還能接受，無壞點。不過65還是有點小，以後要買個75左右的。整體這個價很值了。客服云云好評，態度好服務好~,negative
hdmi接入ps3打遊戲畫面有點昏暗，遊戲模式不能調亮度，想要看的劇說了一般都能收到，音效一般，能安的軟體比較少，普通要求一般都能滿足,negative
幫朋友買的，用的頭幾天總說什麼色彩不好看啦，什麼聲音不好聽啦，等等問題，搞得我挺煩的，我一怒之下申請退貨。後來，也許是習慣了，沒退了，哈哈哈哈。,negative
第一次買的55寸，被音響驚豔了，然後去買43.沒想到音響就是個渣，螢幕裝置的也很粗糙，一碰就陷進去，和55那台品質沒得比，還號稱hifi音響。建議別買。,negative
電視聲音差太差，畫質不夠鮮豔，京東方的螢幕就是水,negative
對於這台電視配置描述和客服回復真的很心涼。 一會說標配的是語音遙控，一會又說讓我99元來買。 另外這款電視的音效問題。說的專業音效調節什麼的，結果聽音樂，看電視，音效差的想吐。 看成龍電影，成龍的聲音都不是原版的， 聽演唱會或者MV音樂，音效還不如老款手機效果好。奉勸大家不要被坑,negative
很棒的操作體驗 顏色靚麗 但音響沒有想像中的好 低音不夠渾厚,negative
紅色顯得太亮，解析度真差，看起來很難受。喇叭也差。聲音放高一點就會出現雜音。畢竟1088的貨。算了,negative
機器還好吧，就是播放有嗒嗒的噪音，很麻煩，估計品質不是很好。,negative
京東的速度就是快，一天就到了。接無線很快，隔一牆信號都是滿的，內置資源豐富（N多要VIP），音量開到13就感覺到有破音，還好只用在臥室，也不用開太大聲音。,negative
挺好的，聲音大了喇叭會有破音之類的。練好聯通的機上盒，全是電影啊。。音質和畫面都很好。物有所值。送貨員真的超級超級超級棒！！！,negative
與想像中的一樣，按預約時間送貨。電視畫面可以，聲音沒有廣告說的那樣完美，跟hifi有一段距離。操作簡單。,negative
這個電視放了一會兒就沒聲音了，還找人來修的,negative
這個電視機，還湊合，有一次還自動沒聲音了，電視機裡面喳喳喳的響，我就趕緊關機了，重開機就沒有了，可能品質有問題。,negative
整體感覺還可以，不過音響部分有點破音，不知道是什麼問題！,negative
總體來說不錯，就是感覺音效偶爾有點雜音，正在多看幾點片源，看看是片源問題還是電視問題,negative
買了個微鯨電視，總覺得聲音差點意思，想買套音響，卻沒有貨，各位有買音響嗎？是買哪個牌子的呢？,negative
東西還可以，那個開關設在後面不太好。,negative
用了幾天才評價，只能說，如果評分按10為滿，哪就7分吧。在房間大小都比較合理。我喜歡搖控的設計，方便，簡約，畫質都滿意，扣3分在於介面太小。,negative
總體來說還行，音訊輸出埠不方便,negative
1，這款機子容易碎屏， 2，第一次沒有當面通電驗機收到一個碎屏機，花了十天才換到新的， 3，不通電很難發現碎屏等等問題，但送貨的師傅不讓當面通電驗機，很奇怪的配送服務,negative
半天就壞了，開不了機，真是鬱悶！！！！維修48小時之內，等待中,negative
背面做工不怎麼樣,negative
不建議購買，建議大家加點錢換其他品牌的電視，之前買了一台上面有兩個壞點，微鯨客服態度很差，天天在扯國家範圍內是三個點，之前拒絕更換，回饋給京東的服務態度還是很好的，答應給我換了一台，不過今天看還是有壞點，懶得折騰湊合用了，估計微鯨都是買的lg的b級品，每塊屏都有點瑕疵，一分錢一分貨吧，最後講一句以後依舊支持京東，還是給好評！,negative
材質很一般，輕飄飄的，不結實,negative
產品品質一般，首次收到的機器就存在系統問題，開機時間長。後續換了新機器。。。京東售後有處理，但產品硬傷還是給人帶來困擾的,negative
產品做工一般般，後殼接縫大。開機檢查發現壞點後聯繫客服，處理,negative
大家不要買，都是騙人的，承諾送什麼跟什麼都沒有，品質也非常差，垃圾。物流速度也是跟烏龜一樣。,negative
第二台微鯨，漏光沒大家說的那麼嚴重，壞點粗略看了下沒有！就是螢幕下方中間有一異物，估計是塑膠件的毛刺！影響不大懶的換了！曲面看起來並沒有啥特的感覺！還有就是會員略坑，當初199，現在299！還多了個鑽石會員！總體滿意吧！,negative
第一次電視不到一晚黑屏了，最後換了新機子，看著還不錯。,negative
電視功能挺好，就是還是需要加強品控，之前那個電源板壞了,negative
電視看了差不多半個月了，整體不錯清晰度很高，色彩豔麗不失真。略微有點漏光可以忽略，對正常觀看沒有影響。做工也還不錯沒像網上說的那麼差。雖然是運動增強版但是觀看運動畫面還是有點暈。系統使用起來也很不錯，但是最近有過幾次半秒左右的卡頓，不知道是遙控器問題還是系統卡。再說說遙控器，有過兩次按什麼都反應，拆下電池重新安上就好了，不知道什麼問題。遙控器品質一般，過年有小孩在我家玩，把遙控器掉到地上兩三次，後來發現開機鍵和語音鍵按下去不回彈始終卡在一半那種感覺。總的來說性價比還是比較高的。有一年會員贈送挺好,negative
電視買回來一開始不錯、看了半個多月、顯示不出來了、後來聯繫客服了、來換新都等了一個多星期 清晰度也可以螢幕蠻大的、雙十一買的 1千多、現在都2千多了漲到了,negative
電視螢幕棒，康佳品質，但是邊框粗糙，有劃痕，左邊有擦痕，頂部中間縫隙太寬，,negative
電視收到了，開機試了下很清晰。第一台發過來螢幕有劃痕，客服也很熱情負責的給我解決了，果斷發了一台新的！,negative
東西還可以就是膨脹螺栓太少了，弄壞了兩個，沒得更換。因為牆體材質差異，我家的牆螺栓少就有可能固定不住~~~~,negative
"發貨慢,答應了2次都是一拖再拖,固定膨脹螺絲的自攻螺絲品質太差,擰一下那個十字都直接就花了,最後都是用榔頭敲進去的",negative
服務極差，掛架要收198元，打孔收50元，30元的掛架我無話可說，說完丟下就走了，電視機做工差,negative
感覺不值，有點兒貴。做工太差。一流差。,negative
感謝京東這次換貨十分順利，雙11買的貨當時沒有仔細驗貨，年前開箱，發現箱子破損，然後裡面的螢幕碎掉，立馬給京東打電話處理。相信京東，沒有錯,negative
很好！就是大螺絲套品質差，錘子一敲碎了！,negative
貨已收到，看了幾天還不錯，可以自己下載軟體，想看什麼都可以看，就是如果能開機就自動播放節目就好了，老人看還需要點播，有些不太方便。賣家服務態度非常好，電視郵過來螢幕有劃痕，馬上當天就又郵了一台新的過來，非常神速！,negative
開始買的壞了，在保期間，經過售後過程，現在免費換新，總體還可以吧,negative
可不可以不給星？？？品質太差，螢幕跟邊框的地方有很大的間隙,negative
買了一個月壞了，卡住藍屏不動，修不了還要等過來檢測，不是一般麻煩,negative
賣了不到三個月就壞了，開機就花屏。換了台新的，但開箱時看起來不是新的。遙控器還是我原來的，也沒給換。唉，希望這台新的能用的住吧。,negative
年前買的，物流給開箱驗貨，但是不給通電開機，外包裝什麼的都是完好的，通電以後發現螢幕裡面壞了，當時物流也停了，聯繫售後開鑒定單花了一兩天時間，年後上班以後就幫換了，物流取貨的第二天就把新機送來了！速度很快！新機開機沒有發現問題！,negative
請問系統升級後投屏綠屏是怎麼回事，播放時黑屏放聲音，無語，才買一周,negative
聲音還可以，做工非常的粗糙，電視機總體說還可以吧! 畢竟一份價錢一份貨,negative
售後服務很好，買了幾個月突然壞了，找售後，及時上班檢測，詢問一下，家裡是不是經常跳電，是跳電閘引起的，不過還是給換了台新機，感謝你們，售後服務做的這麼的好品牌，選擇你們是不會錯的，會推薦給身邊的盆友,negative
說下感受吧，315買的二代55寸電視，因為家裡收拾房子，一直沒使用，這兩天才打開電視看效果，一進去看電影不到幾分鐘遙控器就失靈，出現這種情況後，按照售後方法遙控器匹配不成功。只能強制斷電關機，或者電視後面按鍵關機，重啟後電視遙控器匹配正常，接著看電影又是以上情況。昨天已經打過售後電話，說已經回饋給技術部，後期我會繼續跟進處理情況！希望能儘快得到妥善解決！,negative
送走快遞後才發現螢幕有一道劃痕。只能認倒楣了。?,negative
塑膠感太強，做工一般，有縫的地方割手，系統還沒有體驗，整體感覺還行，對得起這個價。送貨特快，服務好,negative
塌頭，做工粗糙，工具品質差，擰幾下就變形了。螺絲一堆，我就問問怎麼跟安裝說明不一樣，少了4個，客服非常沒耐心！就一句‘’螺絲都一樣的‘’就消失了！我連問三句都沒搭理我！,negative
挺好的，回來一個星期，遙控就失靈了,negative
挺好的。送的東西很全。就是膨脹螺絲塑膠的不好,negative
挺厚實的，唯一不足的就是贈送的螺絲品質太差,negative
一直藍屏開不了機，品質太差了，建議小夥伴們選的時候三思,negative
用了一段時間，正月初四的時候黑屏了幾次！要重新啟動！不知道是怎麼回事！送貨的師傅很負責的幫我把電視安裝好！螢幕看著還很舒服！,negative
有點小劃痕，不影響使用就懶得換了，其他的滿意。。。希望品質好能多用幾年。。？,negative
這個電視配的遙控器用了2天就出現故障了，幸好他們客服的服務很到位馬上就給換了。用了幾天挺好的,negative
之前的有品質問題，換了個新的看看咋樣。。。,negative
品質不好，才買幾天就壞了,negative
品質不怎麼好，螢幕與邊框縫隙大，用手指動一下，螢幕還往裡陷,negative
品質一般吧,negative
做工確實不行，邊框處理的不好，不過無傷大雅吧,negative
電視不錯，不過今年的價格比去年貴了,negative
電視非常好，非常棒 55寸4k電視只是有點小貴。,negative
電視價格貴了,negative